{
	"swagger": "2.0",
	"info": {
		"description": "This API provides the capabilty to manage the worksheets",
		"version": "1.0.0",
		"title": "ManageWorksheet",
		"contact": {
			"name": "Sriharsha Tokala",
			"email": "sriharshavardhan.tokala@nasco.com"
		}
	},
	"host": "apis-mo.nasco.bluesnet.net",
	"basePath": "/customer-service-interactions/worksheet/v1",
	"security": [
		{
			"basicAuth": [
			]
		}
	],
	"schemes": [
		"https"
	],
	"paths": {
		"/incrementandfinalize": {
			"post": {
				"summary": "This operation provides the capabilty to append worksheet and then finalize the appended workshee and update the worksheet location",
				"description": "",
				"consumes": [
					"application/json"
				],
				"produces": [
					"application/json"
				],
				"parameters": [
					{
						"name": "body",
						"in": "body",
						"required": true,
						"schema": {
							"$ref": "#/definitions/incrementandfinalizerequest"
						}
					},
					{
						"$ref": "#/parameters/x-NAS-homePlanCode"
					},
					{
						"$ref": "#/parameters/x-NAS-workPlanCode"
					},
					{
						"$ref": "#/parameters/x-NAS-originatingAppName"
					},
					{
						"$ref": "#/parameters/x-NAS-originatingUserId"
					},
					{
						"$ref": "#/parameters/x-NAS-transactionId"
					},
					{
						"$ref": "#/parameters/x-NAS-ignoreCacheIndicator"
					}
				],
				"responses": {
					"200": {
						"description": "Returns the status of worksheet management along with incremented worksheet ID",
						"schema": {
							"$ref": "#/definitions/incrementandfinalizeresponse"
						}
					},
					"404": {
						"description": "Invalid Input Parameter",
						"schema": {
							"$ref": "#/definitions/status"
						}
					},
					"422": {
						"description": "Unprocessable Entity - Used for request structure validation errors.",
						"schema": {
							"$ref": "#/definitions/status"
						}
					},
					"500": {
						"description": "General internal processing error(s).",
						"schema": {
							"$ref": "#/definitions/status"
						}
					},
					"504": {
						"description": "API did not receive a response in the stipulated time frame from the backend systems",
						"schema": {
							"$ref": "#/definitions/status"
						}
					}
				}
			}
		}
	},
	"definitions": {
		"incrementandfinalizerequest": {
			"type": "object",
			"properties": {
				"request": {
					"$ref": "#/definitions/request"
				}
			}
		},
		"incrementandfinalizeresponse": {
			"type": "object",
			"properties": {
				"status": {
					"$ref": "#/definitions/status"
				},
				"response": {
					"$ref": "#/definitions/response"
				}
			}
		},
		"request": {
			"type": "object",
			"properties": {
				"contractID": {
					"type": "string"
				},
				"controlPlanCode": {
					"type": "string"
				},
				"worksheetID": {
					"type": "string"
				},
				"activationPlanCode": {
					"type": "string"
				},
				"processingPlanCode": {
					"type": "string"
				},
				"increment": {
					"$ref": "#/definitions/increment"
				},
				"finalize": {
					"$ref": "#/definitions/finalize"
				},
				"update": {
					"$ref": "#/definitions/update"
				}
			},
			"required": [
				"contractID",
				"controlPlanCode",
				"worksheetID",
				"activationPlanCode",
				"processingPlanCode",
				"increment",
				"finalize",
				"update"
			]
		},
		"response": {
			"type": "object",
			"properties": {
				"WorksheetID": {
					"type": "string"
				}
			}
		},
		"increment": {
			"type": "object",
			"properties": {
				"remarks": {
					"type": "string",
					"description": "Worksheet notes section"
				}
			},
			"required": [
				"remarks"
			]
		},
		"finalize": {
			"type": "object",
			"properties": {
				"finalizationCode": {
					"type": "string",
					"description": "Worksheet finalization code"
				},
				"replyCode": {
					"type": "string",
					"description": "Worksheet notes section"
				}
			},
			"required": [
				"finalizationCode",
				"replyCode"
			]
		},
		"update": {
			"type": "object",
			"properties": {
				"moveLocationCode": {
					"type": "string",
					"description": "Worksheet move location"
				}
			},
			"required": [
				"moveLocationCode"
			]
		},
		"status": {
			"type": "object",
			"properties": {
				"status": {
					"type": "object",
					"properties": {
						"statusCode": {
							"type": "string"
						},
						"statusDescription": {
							"type": "string"
						},
						"statusTimeStamp": {
							"type": "string",
							"format": "date-time"
						},
						"statusMessages": {
							"type": "array",
							"items": {
								"$ref": "#/definitions/statusmessage"
							}
						}
					}
				}
			}
		},
		"statusmessage": {
			"type": "object",
			"properties": {
				"messageCode": {
					"type": "string"
				},
				"messageText": {
					"type": "string"
				},
				"associatedElement": {
					"$ref": "#/definitions/associatedElement"
				},
				"severityIndicator": {
					"type": "string",
					"enum": [
						"I",
						"W",
						"E"
					]
				}
			}
		},
		"associatedElement": {
			"type": "object",
			"properties": {
				"elementName": {
					"type": "string"
				},
				"elementValue": {
					"type": "string"
				}
			}
		},
	},
	"securityDefinitions": {
		"basicAuth": {
			"type": "basic"
		}
	},
	"parameters": {
		"x-NAS-homePlanCode": {
			"name": "x-NAS-homePlanCode",
			"in": "header",
			"required": true,
			"type": "string",
			"description": "This field, along with workPlanCode, is evaluated to see with which Plan this request is associated. The Plan Code value here may be the same or different from a Plan Code value at the service body level."
		},
		"x-NAS-workPlanCode": {
			"name": "x-NAS-workPlanCode",
			"in": "header",
			"required": false,
			"type": "string",
			"description": "Directs service requests to the specified Plan code. The request will be validated against existing NPS security files and if the user is authorized to perform work for the Plan Code specified, the request will be honored. If not, the request will be rejected. The Work Plan Code value here may be the same or different from a Work Plan Code value at the service body level."
		},
		"x-NAS-originatingAppName": {
			"name": "x-NAS-originatingAppName",
			"in": "header",
			"required": true,
			"type": "string",
			"description": "Provides the consumer with a means to trace actions back to applications outside of NASCO.  This element will not be validated but it will be logged for audit purposes only."
		},
		"x-NAS-originatingUserId": {
			"name": "x-NAS-originatingUserId",
			"in": "header",
			"required": true,
			"type": "string",
			"description": "Provides the consumer with a means to trace actions back to users authenticated outside of NASCO when a MachineID is sent in userId property. This element will not be validated but it will be logged for audit purposes only"
		},
		"x-NAS-transactionId": {
			"name": "x-NAS-transactionId",
			"in": "header",
			"required": true,
			"type": "string",
			"description": "Unique transaction ID assigned by the sender."
		},
		"x-NAS-ignoreCacheIndicator": {
			"name": "x-NAS-ignoreCacheIndicator",
			"in": "header",
			"required": false,
			"type": "boolean",
			"description": "Flag to ignore what may be in cache and instead pull the requested information from the original source. A value of 'true' means cache will be ignored. Default is 'false'."
		}
	}
}